City_ID,City,Lat,Lng,Max Temp,Humidity,Cloudiness,Wind Speed,Country,Date
0,sur,22.5667,59.5289,23.28,58,0,2.43,OM,1670188416
1,cabo san lucas,22.8909,-109.9124,29.61,61,0,2.06,MX,1670188272
2,ushuaia,-54.8,-68.3,11.79,76,40,9.26,AR,1670188298
3,port elizabeth,-33.918,25.5701,18.39,99,100,0.89,ZA,1670188336
4,bud,39.447,-86.1758,5.97,37,3,3.04,US,1670187946
5,atuona,-9.8,-139.0333,25.18,80,17,7.15,PF,1670188417
6,busselton,-33.65,115.3333,15.29,70,100,5.89,AU,1670188417
7,kaitangata,-46.2817,169.8464,10.62,75,100,1.51,NZ,1670188417
8,chabahar,25.2919,60.643,23.72,45,0,1.83,IR,1670188418
9,albany,42.6001,-73.9662,2.58,59,100,1.54,US,1670188320
10,san carlos de bariloche,-41.1456,-71.3082,18.58,40,65,7.01,AR,1670187637
11,cockburn town,21.4612,-71.1419,25.98,57,75,5.66,TC,1670188418
12,east london,-33.0153,27.9116,20.08,88,100,7.78,ZA,1670187845
13,hilo,19.7297,-155.09,26.82,91,100,2.57,US,1670188304
14,acapulco,16.8634,-99.8901,29.87,58,0,3.68,MX,1670187760
15,yellowknife,62.456,-114.3525,-23.4,90,56,6.05,CA,1670188419
16,tuktoyaktuk,69.4541,-133.0374,-26.41,97,46,4.43,CA,1670188419
17,punta arenas,-53.15,-70.9167,9.06,66,75,12.86,CL,1670188419
18,rikitea,-23.1203,-134.9692,23.81,83,61,6.62,PF,1670188420
19,mataura,-46.1927,168.8643,10.27,71,100,1.58,NZ,1670188420
20,vaini,-21.2,-175.2,26.09,89,75,3.09,TO,1670188420
21,cap malheureux,-19.9842,57.6142,24.7,71,59,2.24,MU,1670188421
22,port alfred,-33.5906,26.891,18.43,88,100,0.45,ZA,1670188421
23,gamba,-2.65,10.0,25.18,87,100,2.1,GA,1670187693
24,cherskiy,68.75,161.3,-35.26,100,41,1.65,RU,1670187967
25,hobart,-42.8794,147.3294,12.37,96,75,8.23,AU,1670188421
26,auki,-8.7676,160.7034,27.02,79,85,2.3,SB,1670187851
27,puerto ayora,-0.7393,-90.3518,26.98,87,74,2.68,EC,1670188422
28,grand gaube,-20.0064,57.6608,24.65,71,58,2.24,MU,1670187822
29,bahia honda,22.9036,-83.1592,26.05,66,11,5.88,CU,1670188422
30,carnarvon,-24.8667,113.6333,20.61,81,35,7.92,AU,1670188423
31,qaanaaq,77.484,-69.3632,-21.72,67,12,3.61,GL,1670188423
32,port hardy,50.6996,-127.4199,2.88,69,4,0.99,CA,1670188423
33,yauya,-8.9833,-77.3,18.78,22,15,2.42,PE,1670188423
34,hamilton,39.1834,-84.5333,6.47,35,0,3.09,US,1670188324
35,souillac,-20.5167,57.5167,24.05,79,75,4.47,MU,1670187899
36,chipinge,-20.1883,32.6236,19.06,72,0,2.56,ZW,1670187977
37,berdigestyakh,62.0989,126.6992,-14.27,95,100,4.26,RU,1670188424
38,arlit,18.7369,7.3853,26.69,15,76,2.66,NE,1670187954
39,tuatapere,-46.1333,167.6833,11.38,83,100,1.21,NZ,1670187873
40,deputatskiy,69.3,139.9,-26.31,97,100,1.33,RU,1670188424
41,muli,2.9167,73.5667,26.19,80,100,3.39,MV,1670188425
42,high level,58.5169,-117.136,-12.2,67,32,5.04,CA,1670188425
43,storozhevaya,43.8789,41.4514,-0.69,89,46,0.59,RU,1670188425
44,torbay,47.6666,-52.7314,2.93,86,57,4.02,CA,1670187874
45,ahuimanu,21.4447,-157.8378,27.84,73,75,4.63,US,1670187856
46,verkhnetulomskiy,68.6073,31.7962,-5.93,97,60,1.61,RU,1670188426
47,avarua,-21.2078,-159.775,29.03,79,100,4.12,CK,1670188426
48,kiunga,-6.1219,141.2906,22.45,97,74,0.7,PG,1670187903
49,necochea,-38.5473,-58.7368,20.04,62,0,5.41,AR,1670187939
50,bodden town,19.2833,-81.25,28.0,59,20,6.69,KY,1670187884
51,mafeteng,-29.823,27.2374,20.02,15,100,1.49,LS,1670188427
52,bredasdorp,-34.5322,20.0403,14.89,67,85,2.02,ZA,1670188427
53,cayenne,4.9333,-52.3333,26.02,89,0,2.06,GF,1670187921
54,bethel,41.3712,-73.414,5.57,50,0,1.54,US,1670188258
55,praia da vitoria,38.7333,-27.0667,14.31,83,72,5.14,PT,1670188427
56,marawi,7.9986,124.2928,20.08,92,100,0.67,PH,1670188428
57,sibolga,1.7427,98.7792,23.68,91,100,0.87,ID,1670188428
58,castro,-24.7911,-50.0119,20.66,94,100,1.94,BR,1670188428
59,honiara,-9.4333,159.95,26.21,86,100,2.15,SB,1670187966
60,batagay-alyta,67.8006,130.4114,-24.16,100,100,0.62,RU,1670187643
61,puri,19.8,85.85,18.29,60,4,2.69,IN,1670188429
62,esperance,-33.8667,121.9,15.47,86,91,5.02,AU,1670187799
63,lakatoro,-16.0999,167.4164,28.11,70,100,3.86,VU,1670188429
64,sirjan,29.452,55.6814,11.4,53,81,2.02,IR,1670188181
65,banda aceh,5.5577,95.3222,25.84,81,100,2.95,ID,1670187990
66,talnakh,69.4865,88.3972,-7.66,98,100,3.37,RU,1670188429
67,college,64.8569,-147.8028,-7.73,93,40,2.06,US,1670187996
68,pisco,-13.7,-76.2167,21.03,73,0,4.12,PE,1670187830
69,severo-kurilsk,50.6789,156.125,-4.15,59,95,12.73,RU,1670188430
70,jamestown,42.097,-79.2353,2.23,43,0,6.17,US,1670188430
71,victoria,22.2855,114.1577,19.03,81,100,6.71,HK,1670188425
72,zhigansk,66.7697,123.3711,-26.43,97,100,3.1,RU,1670188431
73,chuy,-33.6971,-53.4616,22.4,73,11,4.59,UY,1670188431
74,khatanga,71.9667,102.5,-18.72,90,100,4.05,RU,1670188431
75,cidreira,-30.1811,-50.2056,23.13,89,91,2.49,BR,1670188432
76,urumqi,43.801,87.6005,-14.47,85,76,3.0,CN,1670188432
77,kahului,20.8947,-156.47,27.76,74,98,5.36,US,1670187614
78,bonavista,48.6499,-53.1147,2.66,83,72,11.03,CA,1670188432
79,aberdeen,57.1437,-2.0981,5.27,91,75,4.12,GB,1670188432
80,hofn,64.2539,-15.2082,5.34,33,44,1.56,IS,1670187688
81,hithadhoo,-0.6,73.0833,27.64,76,100,4.47,MV,1670188433
82,sao filipe,14.8961,-24.4956,22.19,65,93,1.84,CV,1670188433
83,ostrovnoy,68.0531,39.5131,-5.58,90,96,5.98,RU,1670187908
84,vardo,70.3705,31.1107,-3.01,80,75,4.12,NO,1670187792
85,kapaa,22.0752,-159.319,27.18,74,75,4.63,US,1670188434
86,cape town,-33.9258,18.4232,17.37,64,30,3.58,ZA,1670188434
87,hammerfest,70.6634,23.6821,-3.75,80,0,1.54,NO,1670188434
88,bluff,-46.6,168.3333,10.45,67,99,4.44,NZ,1670188434
89,butaritari,3.0707,172.7902,26.87,79,31,5.63,KI,1670188435
90,lago da pedra,-4.3333,-45.1667,25.37,83,100,0.83,BR,1670188435
91,bambous virieux,-20.3428,57.7575,24.56,79,65,5.2,MU,1670188435
92,mahebourg,-20.4081,57.7,24.58,79,66,5.12,MU,1670188436
93,san cristobal,7.7669,-72.225,23.1,67,69,2.23,VE,1670187904
94,maceio,-9.6658,-35.7353,24.69,88,75,3.6,BR,1670187575
95,omboue,-1.5746,9.2618,24.92,89,100,1.98,GA,1670187899
96,siloam springs,36.1881,-94.5405,9.42,66,100,5.66,US,1670188436
97,hasaki,35.7333,140.8333,8.22,73,100,9.89,JP,1670188436
98,iqaluit,63.7506,-68.5145,-1.28,92,100,6.71,CA,1670188428
99,shenjiamen,29.9576,122.298,11.33,82,100,10.7,CN,1670188437
100,saldanha,-33.0117,17.9442,16.45,78,1,7.85,ZA,1670187912
101,katsuura,35.1333,140.3,13.2,82,100,8.61,JP,1670188437
102,norman wells,65.282,-126.8329,-26.93,99,52,1.21,CA,1670187919
103,barrow,71.2906,-156.7887,-5.99,86,100,10.29,US,1670188438
104,luderitz,-26.6481,15.1594,16.6,67,3,8.99,NA,1670188438
105,aksu,41.1231,80.2644,-5.09,29,100,1.32,CN,1670188438
106,margate,51.3813,1.3862,5.73,83,100,2.24,GB,1670188438
107,mecca,21.4267,39.8261,24.87,74,98,2.44,SA,1670188439
108,jequitinhonha,-16.4339,-41.0033,21.84,97,100,1.96,BR,1670188439
109,mar del plata,-38.0023,-57.5575,27.01,58,0,4.63,AR,1670188225
110,port blair,11.6667,92.75,26.61,80,98,5.5,IN,1670188440
111,saint-philippe,-21.3585,55.7679,22.77,83,74,4.0,RE,1670188440
112,faanui,-16.4833,-151.75,26.6,77,15,6.57,PF,1670187930
113,lavrentiya,65.5833,-171.0,0.16,98,100,12.11,RU,1670188440
114,salalah,17.0151,54.0924,24.05,73,40,2.06,OM,1670187897
115,vao,-22.6667,167.4833,24.91,88,100,8.39,NC,1670187967
116,ilulissat,69.2167,-51.1,0.01,74,100,1.54,GL,1670187838
117,airai,-8.9266,125.4092,14.89,63,99,1.0,TL,1670188441
118,conceicao da barra,-18.5933,-39.7322,22.32,86,100,3.85,BR,1670188441
119,arawa,-6.2132,155.5367,26.1,89,100,0.78,PG,1670188442
120,chernyshevskiy,63.0128,112.4714,-19.75,83,100,6.55,RU,1670188442
121,daoukro,7.0591,-3.9631,25.6,78,93,1.5,CI,1670188442
122,muros,42.7762,-9.0603,8.71,91,78,1.8,ES,1670188169
123,west plains,36.7281,-91.8524,7.46,53,100,2.57,US,1670188443
124,cassilandia,-19.1133,-51.7342,22.5,88,100,1.74,BR,1670188443
125,joshimath,30.5667,79.5667,7.99,19,3,3.24,IN,1670188443
126,sao joao da barra,-21.6403,-41.0511,25.05,88,100,9.96,BR,1670188444
127,hermanus,-34.4187,19.2345,12.67,72,64,2.64,ZA,1670188444
128,tasiilaq,65.6145,-37.6368,-2.91,65,4,1.62,GL,1670188444
129,kintampo,8.0563,-1.7306,28.52,44,75,2.07,GH,1670188445
130,grindavik,63.8424,-22.4338,3.26,100,40,2.06,IS,1670188445
131,wenshang,35.7275,116.4961,-0.03,32,95,0.4,CN,1670188445
132,dingle,10.9995,122.6711,24.27,94,100,3.1,PH,1670188446
133,awjilah,29.1081,21.2869,16.99,47,10,4.24,LY,1670188446
134,chara,56.9064,118.2631,-19.87,76,100,3.0,RU,1670188446
135,southbridge,42.0751,-72.0334,3.95,58,100,0.89,US,1670188447
136,kruisfontein,-34.0033,24.7314,17.16,80,59,2.63,ZA,1670188447
137,coquimbo,-29.9533,-71.3436,17.85,77,40,4.63,CL,1670187986
138,sakaiminato,35.55,133.2333,9.67,62,100,4.96,JP,1670188431
139,sitka,57.0531,-135.33,1.94,75,40,2.06,US,1670187848
140,arraial do cabo,-22.9661,-42.0278,24.92,73,0,11.83,BR,1670188165
141,mount gambier,-37.8333,140.7667,12.98,77,100,5.29,AU,1670187990
142,new norfolk,-42.7826,147.0587,12.18,70,100,2.24,AU,1670188448
143,valparaiso,-33.0393,-71.6273,28.13,73,0,6.17,CL,1670187862
144,broome,42.2506,-75.833,3.7,59,0,2.24,US,1670187958
145,susanville,40.4163,-120.653,2.12,95,100,2.06,US,1670188448
146,bengkulu,-3.8004,102.2655,23.54,90,100,1.73,ID,1670187863
147,basoko,1.2391,23.616,22.38,91,77,1.93,CD,1670188449
148,port lincoln,-34.7333,135.8667,15.46,67,100,7.36,AU,1670188449
149,pemangkat,1.1667,108.9667,25.64,84,95,0.85,ID,1670188449
150,adrar,20.5022,-10.0711,22.27,21,42,1.37,MR,1670188450
151,saskylakh,71.9167,114.0833,-23.48,96,100,7.59,RU,1670187951
152,maniitsoq,65.4167,-52.9,1.22,62,100,10.72,GL,1670187921
153,rio gallegos,-51.6226,-69.2181,19.03,19,20,15.43,AR,1670188300
154,seoul,37.5683,126.9778,-5.31,28,100,3.07,KR,1670187898
155,lasa,46.6166,10.7002,3.35,98,86,1.91,IT,1670188451
156,hambantota,6.1241,81.1185,24.62,87,100,2.45,LK,1670188451
157,karratha,-20.7377,116.8463,27.75,46,1,4.65,AU,1670187885
158,murgab,37.4966,61.9714,0.96,32,100,3.54,TM,1670188451
159,georgetown,5.4112,100.3354,27.35,87,20,0.0,MY,1670188452
160,tual,-5.6667,132.75,27.85,73,95,0.73,ID,1670188452
161,kirakira,-10.4544,161.9205,27.2,82,100,3.76,SB,1670188452
162,hami,42.8,93.45,-5.25,46,80,0.72,CN,1670188453
163,inhambane,-23.865,35.3833,25.29,88,0,4.78,MZ,1670187879
164,faya,18.3851,42.4509,11.29,78,2,1.18,SA,1670188453
165,canavieiras,-15.675,-38.9472,22.85,89,100,3.5,BR,1670188453
166,okhotsk,59.3833,143.3,-31.87,86,16,5.72,RU,1670188454
167,ponta do sol,32.6667,-17.1,17.23,83,100,9.01,PT,1670188454
168,comodoro rivadavia,-45.8667,-67.5,22.92,23,20,7.72,AR,1670188294
169,sao paulo de olivenca,-3.3783,-68.8725,27.73,77,100,0.86,BR,1670188454
170,westerland,54.9079,8.3033,4.45,87,100,7.2,DE,1670188455
171,nuuk,64.1835,-51.7216,-0.07,67,100,12.96,GL,1670187873
172,codrington,-38.2667,141.9667,13.15,83,100,8.08,AU,1670187913
173,ribeira grande,38.5167,-28.7,15.22,72,20,4.47,PT,1670188455
174,zhangye,38.9342,100.4517,-5.95,64,28,0.61,CN,1670188456
175,goderich,43.7501,-81.7165,2.73,52,4,9.76,CA,1670188341
176,klooga,59.3197,24.2114,-2.06,93,100,1.54,EE,1670188456
177,tigil,57.8,158.6667,-16.52,95,100,2.37,RU,1670187940
178,lagoa,39.05,-27.9833,15.37,67,100,5.86,PT,1670188457
179,marsh harbour,26.5412,-77.0636,23.63,60,26,5.38,BS,1670188457
180,juba,4.8517,31.5825,25.11,63,63,0.96,SS,1670188458
181,dikson,73.5069,80.5464,-1.05,86,100,10.09,RU,1670188458
182,alice springs,-23.7,133.8833,16.75,45,0,0.0,AU,1670187923
183,touros,-5.1989,-35.4608,26.23,75,94,6.51,BR,1670187908
184,marsa matruh,31.3525,27.2453,17.7,71,15,3.6,EG,1670188459
185,eidfjord,60.4675,7.0719,-5.05,75,35,2.26,NO,1670188459
186,klaksvik,62.2266,-6.589,4.51,76,63,5.73,FO,1670188459
187,yar-sale,66.8333,70.8333,-9.29,90,43,5.13,RU,1670188460
188,ulladulla,-35.35,150.4667,21.13,62,11,3.31,AU,1670188460
189,novo aripuana,-5.1206,-60.3797,29.93,63,83,0.8,BR,1670188461
190,mount isa,-20.7333,139.5,19.87,56,75,0.0,AU,1670188461
191,bandundu,-3.3167,17.3667,21.4,97,100,0.94,CD,1670188462
192,eyl,7.9803,49.8164,24.64,73,97,8.17,SO,1670188462
193,coihueco,-36.6167,-71.8333,28.41,23,0,4.63,CL,1670188316
194,te anau,-45.4167,167.7167,13.53,86,94,2.1,NZ,1670188462
195,ranong,9.9658,98.6348,24.91,93,100,3.76,TH,1670188463
196,baykit,61.67,96.37,-17.04,94,100,3.01,RU,1670188463
197,ballina,-28.8667,153.5667,20.01,91,60,4.09,AU,1670188457
198,newberry,34.2746,-81.6187,16.94,55,100,1.5,US,1670188267
199,nikolskoye,59.7035,30.7861,-4.06,95,100,3.29,RU,1670188464
200,thompson,55.7435,-97.8558,-24.91,70,75,3.6,CA,1670188464
201,sao jose da coroa grande,-8.8978,-35.1478,25.04,80,62,4.68,BR,1670188464
202,port hedland,-20.3167,118.5667,25.03,47,10,4.12,AU,1670188465
203,gondanglegi,-7.7479,112.0132,23.94,91,63,0.42,ID,1670187954
204,nouadhibou,20.931,-17.0347,18.9,78,0,5.32,MR,1670187909
205,berlevag,70.8578,29.0864,-5.03,80,20,8.75,NO,1670188465
206,yakeshi,49.2833,120.7333,-24.03,98,100,3.71,CN,1670188465
207,qandala,11.472,49.8728,24.33,62,92,1.68,SO,1670188466
208,bubaque,11.2833,-15.8333,26.84,64,94,4.98,GW,1670188466
209,havre-saint-pierre,50.2334,-63.5986,-0.8,74,100,6.69,CA,1670188467
210,coihaique,-45.5752,-72.0662,14.34,58,75,3.09,CL,1670187875
211,padang,-0.9492,100.3543,24.2,87,100,1.71,ID,1670187869
212,olafsvik,64.8945,-23.7142,6.19,73,96,2.65,IS,1670188217
213,tuy hoa,13.0833,109.3,23.66,93,96,2.57,VN,1670188467
214,mayumba,-3.432,10.6554,25.16,89,94,3.27,GA,1670188467
215,mount darwin,-16.7725,31.5838,25.82,35,53,2.01,ZW,1670188468
216,sunrise manor,36.2111,-115.0731,20.23,51,0,5.14,US,1670188468
217,ternate,0.8,127.4,26.27,79,100,1.52,ID,1670188468
218,rawlins,41.7911,-107.2387,5.94,61,100,12.86,US,1670188382
219,mfou,3.7159,11.6427,21.25,93,33,1.65,CM,1670188469
220,plettenberg bay,-34.0527,23.3716,14.71,82,60,2.16,ZA,1670188469
221,villazon,-22.0866,-65.5942,14.13,32,47,7.9,BO,1670188469
222,preeceville,51.95,-102.6677,-5.02,80,85,9.13,CA,1670188470
223,fortuna,40.5982,-124.1573,11.19,93,75,0.89,US,1670187987
224,sergeyevka,53.88,67.4158,-15.35,97,94,2.25,KZ,1670188470
225,north myrtle beach,33.816,-78.68,16.74,78,0,3.6,US,1670188470
226,sola,-13.8833,167.55,27.81,74,100,6.37,VU,1670188470
227,brae,60.3964,-1.353,5.22,65,89,2.65,GB,1670188471
228,husavik,66.0449,-17.3389,0.02,69,85,3.43,IS,1670188471
229,sioux lookout,50.1001,-91.917,-10.96,79,100,6.17,CA,1670188471
230,hokitika,-42.7167,170.9667,14.37,73,96,1.75,NZ,1670188472
231,tiksi,71.6872,128.8694,-21.11,98,100,4.35,RU,1670188472
232,atambua,-9.1061,124.8925,22.3,76,88,1.12,ID,1670187933
233,fairmont,39.4851,-80.1426,4.83,47,1,0.45,US,1670188472
234,sisimiut,66.9395,-53.6735,-0.49,73,100,5.94,GL,1670187959
235,conchagua,13.3078,-87.8647,31.08,41,0,0.74,SV,1670188473
236,kuah,6.3265,99.8432,26.67,78,96,4.33,MY,1670188473
237,moquegua,-17.1956,-70.9353,22.91,36,0,5.8,PE,1670188473
238,bismarck,46.8083,-100.7837,3.57,51,0,4.63,US,1670188474
239,todos santos,23.45,-110.2167,30.17,75,100,3.82,MX,1670188474
240,mandalgovi,45.7625,106.2708,-16.9,49,0,2.51,MN,1670187877
241,chokurdakh,70.6333,147.9167,-39.28,100,43,1.18,RU,1670188474
242,canon city,38.441,-105.2424,14.24,31,0,0.0,US,1670188475
243,sangar,63.9242,127.4739,-31.33,95,100,6.18,RU,1670188475
244,bac lieu,9.285,105.7244,25.66,88,100,7.26,VN,1670188475
245,chemal,51.4111,86.005,-9.54,83,88,1.71,RU,1670188475
246,saint austell,50.3383,-4.7658,7.13,87,0,5.14,GB,1670188476
247,banamba,13.55,-7.45,27.17,48,100,2.35,ML,1670188476
248,bulata,9.8599,122.4016,26.7,85,98,5.6,PH,1670188476
249,abrau-dyurso,44.69,37.59,-2.3,82,56,5.92,RU,1670188477
250,dongsheng,39.8161,109.9776,-10.11,42,0,2.18,CN,1670188477
251,eidsvag,62.7767,8.0668,-0.64,56,100,2.43,NO,1670188477
252,awbari,26.5921,12.7805,20.29,22,4,4.4,LY,1670188477
253,messina,38.1933,15.5497,16.22,81,0,2.06,IT,1670188478
254,oktyabrskiy,54.4815,53.471,-12.92,90,100,3.69,RU,1670188478
255,tambopata,-12.7333,-69.1833,34.94,43,20,1.54,PE,1670188478
256,gulariya,28.2333,81.3333,14.2,76,2,1.25,NP,1670188479
257,upernavik,72.7868,-56.1549,-5.91,71,100,2.49,GL,1670187941
258,montorio al vomano,42.5831,13.6383,12.68,80,83,2.7,IT,1670188479
259,poso,-1.3959,120.7524,24.83,88,100,2.49,ID,1670188479
260,novyy urengoy,66.0833,76.6333,-4.29,95,100,5.84,RU,1670188276
261,osakarovka,50.565,72.5692,-28.25,100,98,1.48,KZ,1670188480
262,taoudenni,22.6783,-3.9836,26.59,17,32,3.47,ML,1670188480
263,atar,20.5169,-13.0499,21.88,25,0,1.1,MR,1670188480
264,saint george,37.1041,-113.5841,16.91,43,0,1.34,US,1670188481
265,dauphin,51.1494,-100.0502,-2.23,78,79,8.52,CA,1670188481
266,nanortalik,60.1432,-45.2371,-3.17,66,92,3.11,GL,1670188481
267,isangel,-19.55,169.2667,28.08,73,100,1.22,VU,1670188481
268,karaman,37.0833,33.25,4.41,69,1,1.55,TR,1670188482
269,alofi,-19.0595,-169.9187,26.17,75,74,1.49,NU,1670187892
270,aklavik,68.2191,-135.0107,-24.49,99,98,3.37,CA,1670187989
271,nisia floresta,-6.0911,-35.2086,26.45,73,40,4.02,BR,1670188482
272,buala,-8.145,159.5921,27.12,81,100,3.77,SB,1670187926
273,mahibadhoo,3.7833,72.9667,26.29,81,100,4.15,MV,1670188483
274,kholtoson,50.2981,103.3097,-26.01,96,13,1.7,RU,1670188483
275,brive-la-gaillarde,45.25,1.5,3.49,49,100,1.01,FR,1670188483
276,cascais,38.6979,-9.4215,14.41,88,100,3.58,PT,1670188483
277,granada,37.25,-3.25,7.39,73,14,2.04,ES,1670188210
278,arani,12.6667,79.2833,22.46,93,7,2.18,IN,1670188484
279,vilhena,-12.7406,-60.1458,20.64,99,100,1.37,BR,1670188484
280,kuytun,54.3419,101.5036,-23.4,100,65,0.86,RU,1670188484
281,gushikawa,26.3544,127.8686,22.0,94,75,2.57,JP,1670188485
282,ancud,-41.8697,-73.8203,14.0,82,98,6.09,CL,1670188485
283,pangnirtung,66.1451,-65.7125,-2.15,88,100,5.5,CA,1670187950
284,lebu,-37.6167,-73.65,16.05,72,0,6.35,CL,1670188485
285,paita,-5.0892,-81.1144,22.05,71,10,7.0,PE,1670188486
286,kavieng,-2.5744,150.7967,26.27,86,100,6.11,PG,1670187961
287,la ronge,55.1001,-105.2842,-9.37,81,100,8.98,CA,1670187932
288,turan,16.0678,108.2208,25.99,78,75,5.14,VN,1670188486
289,grants pass,42.439,-123.3284,9.34,83,0,4.63,US,1670188261
290,miri,4.4148,114.0089,24.02,94,70,1.74,MY,1670188487
291,massaguet,12.4755,15.4365,26.18,13,6,4.9,TD,1670188487
292,novyye atagi,43.1353,45.7731,-1.59,88,100,2.38,RU,1670188487
293,kirillov,59.863,38.3813,-8.97,85,100,3.56,RU,1670188488
294,great yarmouth,52.6083,1.7305,6.14,75,100,8.55,GB,1670187728
295,oeiras,-7.0253,-42.1311,27.59,56,90,1.54,BR,1670188488
296,bathsheba,13.2167,-59.5167,27.34,83,40,1.03,BB,1670187905
297,bria,6.5423,21.9863,24.2,35,98,0.66,CF,1670188488
298,viedma,-40.8135,-62.9967,27.12,18,57,1.78,AR,1670188416
299,omsukchan,62.5333,155.8,-22.23,100,100,0.36,RU,1670188489
300,belyy yar,53.6039,91.3903,-25.06,84,20,2.0,RU,1670188489
301,xai-xai,-25.0519,33.6442,24.21,92,0,3.46,MZ,1670188489
302,verkhoyansk,67.5447,133.385,-25.35,99,100,1.16,RU,1670188490
303,nome,64.5011,-165.4064,1.04,86,100,11.83,US,1670187963
304,san patricio,28.017,-97.5169,20.05,70,89,2.1,US,1670188490
305,inirida,3.8653,-67.9239,27.85,83,68,0.66,CO,1670188490
306,riyadh,24.6877,46.7219,22.08,33,42,3.93,SA,1670188491
307,grand forks,47.9417,-97.4337,1.96,48,75,6.69,US,1670188439
308,vostok,46.4856,135.8833,-24.81,98,100,2.43,RU,1670188491
309,pitimbu,-7.4706,-34.8086,27.33,73,15,4.83,BR,1670188491
310,bafata,12.1667,-14.75,26.57,45,100,2.1,GW,1670188491
311,kasongo-lunda,-6.4667,16.8167,20.14,99,96,0.52,CD,1670188492
312,lompoc,34.6391,-120.4579,18.25,73,20,3.09,US,1670188433
313,sharan,54.8167,54.0,-13.95,94,100,4.74,RU,1670188492
314,tezu,27.9167,96.1667,15.95,34,0,2.07,IN,1670188493
315,bira,49.0,132.4667,-27.64,98,14,1.9,RU,1670188493
316,aykhal,66.0,111.5,-26.47,98,100,12.23,RU,1670188493
317,tilichiki,60.4667,166.1,-17.87,94,100,5.1,RU,1670188493
318,bilibino,68.0546,166.4372,-22.01,100,100,1.42,RU,1670188494
319,yerbogachen,61.2767,108.0108,-13.07,92,100,6.98,RU,1670188494
320,ahipara,-35.1667,173.1667,18.38,62,0,1.11,NZ,1670188494
321,moose factory,51.2585,-80.6094,-13.01,85,100,1.54,CA,1670188495
322,bahia blanca,-38.7196,-62.2724,25.16,30,2,0.89,AR,1670188495
323,kodiak,57.79,-152.4072,3.73,81,75,3.6,US,1670188495
324,diamantino,-14.4086,-56.4461,26.12,71,100,2.57,BR,1670188496
325,hoquiam,46.9809,-123.8893,6.07,81,100,4.63,US,1670188496
326,pevek,69.7008,170.3133,-16.54,95,100,5.34,RU,1670187633
327,eldoret,0.5204,35.2699,13.29,87,100,7.31,KE,1670188229
328,olinda,-8.0089,-34.8553,26.85,74,75,3.09,BR,1670188198
329,beloha,-25.1667,45.05,24.48,76,80,0.61,MG,1670187943
330,vejen,55.4833,9.15,4.41,93,100,5.66,DK,1670188090
331,gijon,43.5357,-5.6615,8.33,84,6,0.89,ES,1670188497
332,shingu,33.7333,135.9833,8.34,67,68,2.45,JP,1670187976
333,whitefish,48.4111,-114.3376,-9.14,85,20,0.0,US,1670188497
334,sambava,-14.2667,50.1667,23.97,85,83,3.04,MG,1670187989
335,gunjur,13.2019,-16.7339,23.04,88,100,3.09,GM,1670188498
336,saint anthony,45.0205,-93.218,1.78,52,0,5.14,US,1670188498
337,fairbanks,64.8378,-147.7164,-7.73,92,0,2.06,US,1670187932
338,meulaboh,4.1363,96.1285,24.64,90,100,3.86,ID,1670188498
339,yaroslavl,57.6299,39.8737,-14.11,85,0,2.0,RU,1670188499
340,nabire,-3.3667,135.4833,23.76,90,98,1.93,ID,1670188499
341,bandarbeyla,9.4942,50.8122,25.18,68,17,8.39,SO,1670188499
342,cravo norte,6.3017,-70.2041,29.21,61,100,3.29,CO,1670187953
343,destin,30.3935,-86.4958,23.98,75,75,3.6,US,1670187966
344,natitingou,10.3042,1.3796,26.46,27,16,2.45,BJ,1670188500
345,kyabram,-36.3167,145.05,17.71,65,100,6.45,AU,1670188500
346,westport,41.1415,-73.3579,6.78,45,0,2.57,US,1670188422
347,nosy varika,-20.5833,48.5333,23.37,83,99,1.44,MG,1670188500
348,heilbron,-27.2812,27.9709,20.71,31,85,3.42,ZA,1670188501
349,piranhas,-16.4269,-51.8222,24.88,84,96,2.31,BR,1670188501
350,moindou,-21.6924,165.677,25.44,87,100,4.38,NC,1670188501
351,nalut,30.3333,10.85,18.2,22,2,3.79,LY,1670188502
352,manikpur,25.0667,81.1167,14.19,49,20,0.66,IN,1670188502
353,longhua,23.6137,114.1919,12.59,81,100,2.43,CN,1670188503
354,hirara,24.8,125.2833,24.49,78,19,5.18,JP,1670187926
355,qaqortoq,60.7167,-46.0333,-9.09,64,28,3.98,GL,1670188417
356,xingyi,24.1877,102.817,7.71,98,35,1.61,CN,1670188503
357,kamensk-uralskiy,56.4185,61.9329,-9.42,94,100,4.51,RU,1670188347
358,gamarra,8.3228,-73.7427,29.82,65,19,1.64,CO,1670188504
359,kasempa,-13.4584,25.8338,19.94,47,88,1.9,ZM,1670188504
360,iguai,-14.7564,-40.0892,20.64,97,100,2.22,BR,1670188505
361,zaozerne,45.1582,33.2787,2.95,79,42,11.22,UA,1670188505
362,lubango,-14.9172,13.4925,18.2,80,100,1.45,AO,1670188506
363,luganville,-15.5333,167.1667,28.03,75,100,3.9,VU,1670188506
364,bilma,18.6853,12.9164,24.28,19,0,3.25,NE,1670188507
365,batticaloa,7.7102,81.6924,25.02,86,97,1.83,LK,1670188507
366,mombasa,-4.0547,39.6636,25.32,84,10,2.52,KE,1670188507
367,yulara,-25.2406,130.9889,25.61,20,0,3.73,AU,1670188508
368,amahai,-3.3333,128.9167,25.48,87,68,0.66,ID,1670188508
369,teknaf,20.8624,92.3058,21.02,76,11,2.98,BD,1670188509
370,baoqing,46.3317,132.2111,-17.44,83,2,3.41,CN,1670188509
371,manggar,-2.8833,108.2667,25.49,87,100,1.83,ID,1670188510
372,hudson bay,52.85,-102.3842,-4.12,83,69,6.39,CA,1670188510
373,vanimo,-2.6741,141.3028,25.62,89,100,2.99,PG,1670188511
374,billings,45.7833,-108.5007,4.87,38,75,4.12,US,1670188361
375,oparino,59.8518,48.2783,-16.07,97,24,1.12,RU,1670188511
376,carutapera,-1.195,-46.02,26.51,77,17,4.61,BR,1670188512
377,henties bay,-22.116,14.2845,15.03,88,3,4.25,NA,1670188512
378,santa luzia,-19.7697,-43.8514,19.5,86,100,2.54,BR,1670188225
379,natal,-5.795,-35.2094,26.36,78,40,3.6,BR,1670188513
380,coari,-4.085,-63.1414,29.93,61,77,0.88,BR,1670188513
381,kudahuvadhoo,2.6708,72.8944,25.9,82,96,2.94,MV,1670188513
382,jalu,29.0331,21.5482,16.59,48,5,3.99,LY,1670188514
383,iroquois falls,48.7669,-80.6831,-6.06,90,100,3.06,CA,1670188514
384,namibe,-15.1961,12.1522,21.4,83,91,2.87,AO,1670188515
385,muzhi,65.3667,64.6667,-12.95,89,69,2.56,RU,1670187991
386,huambo,-12.7761,15.7392,16.06,90,100,1.01,AO,1670188515
387,biloela,-24.4167,150.5,20.61,71,0,1.9,AU,1670188516
388,tikhvin,59.6451,33.5294,-5.99,94,100,3.99,RU,1670188516
389,peterhead,57.5058,-1.7981,5.22,69,96,7.05,GB,1670188517
390,lotoshino,56.2267,35.6414,-9.15,83,100,4.65,RU,1670188517
391,pirai do sul,-24.5261,-49.9486,20.11,96,100,1.7,BR,1670188517
392,balabac,7.9868,117.0645,26.69,82,55,3.46,PH,1670187935
393,eureka,40.8021,-124.1637,11.34,89,94,3.58,US,1670188518
394,gornyy,55.1153,83.9059,-25.21,100,41,1.39,RU,1670188518
395,pangoa,-12.1167,-73.0,24.99,78,78,0.63,PE,1670188518
396,flinders,-34.5833,150.8552,22.25,77,6,2.68,AU,1670187874
397,sao miguel do araguaia,-13.275,-50.1628,24.55,86,88,1.2,BR,1670188519
398,kokoda,-8.8785,147.7407,23.83,86,100,1.57,PG,1670188519
399,ondangwa,-17.9167,15.95,25.0,25,51,0.51,NA,1670188520
400,chifeng,42.2683,118.9636,-11.83,42,0,3.08,CN,1670188520
401,saint-pierre,-21.3393,55.4781,22.82,73,0,3.09,RE,1670187950
402,segou,13.4317,-6.2157,29.46,39,97,3.07,ML,1670188521
403,eydhafushi,5.1033,73.0708,25.76,80,100,4.97,MV,1670188521
404,terra rica,-22.7094,-52.6169,24.2,83,100,0.82,BR,1670188522
405,tiznit,29.5833,-9.5,16.79,47,81,2.89,MA,1670188522
406,houma,29.5958,-90.7195,24.45,79,40,0.0,US,1670188351
407,zhangjiakou,40.81,114.8794,-10.19,36,0,1.82,CN,1670188522
408,myre,69.1036,15.9492,0.97,92,100,8.81,NO,1670188523
409,derac,19.65,-71.8167,25.82,64,14,5.81,HT,1670188523
410,lujan,-34.5703,-59.105,36.12,28,22,0.89,AR,1670188523
411,thinadhoo,0.5333,72.9333,27.5,73,100,3.55,MV,1670188524
412,villa del rosario,7.8339,-72.4742,26.21,57,40,5.14,CO,1670188524
413,umm kaddadah,13.6017,26.6876,20.86,32,78,5.32,SD,1670187939
414,nelidovo,56.2211,32.7774,-7.05,80,100,3.92,RU,1670188525
415,svetlyy,54.675,20.1347,1.03,93,100,5.66,RU,1670188525
416,tatawin,32.9297,10.4518,13.3,30,2,1.02,TN,1670188525
417,tabou,4.423,-7.3528,26.21,82,64,2.98,CI,1670188526
418,srednekolymsk,67.45,153.6833,-43.64,100,63,0.94,RU,1670188526
419,zheleznodorozhnyy,55.7503,38.0042,-9.76,85,100,2.74,RU,1670188526
420,kuusamo,65.9667,29.1833,-7.98,93,100,2.57,FI,1670188527
421,bumba,2.1833,22.4667,22.78,82,59,1.43,CD,1670188527
422,takoradi,4.8845,-1.7554,26.55,82,100,3.62,GH,1670188527
423,culaba,11.6578,124.5425,24.8,92,100,2.33,PH,1670188528
424,matara,5.9485,80.5353,23.68,90,97,1.75,LK,1670188528
425,merauke,-8.4667,140.3333,26.8,76,33,2.44,ID,1670188428
426,bestobe,52.4994,73.0975,-22.32,87,10,3.47,KZ,1670188528
427,north bend,43.4065,-124.2243,11.71,88,100,3.09,US,1670188529
428,neryungri,56.6709,124.6491,-17.74,96,100,1.86,RU,1670188309
429,mao,39.8885,4.2658,16.31,77,40,3.6,ES,1670188529
430,kandrian,-6.2167,149.55,25.15,90,100,1.27,PG,1670188530
431,pucallpa,-8.3791,-74.5539,29.02,61,75,2.06,PE,1670188530
432,laguna,38.421,-121.4238,15.51,66,75,5.14,US,1670188325
433,dinghai,26.2847,119.7936,14.92,77,100,8.02,CN,1670188459
434,tiarei,-17.5333,-149.3333,31.01,80,12,7.51,PF,1670188531
435,kumluca,36.3703,30.2869,16.25,61,0,2.41,TR,1670188531
436,anzio,41.4853,12.6179,14.39,88,83,3.42,IT,1670188532
437,celestun,20.8667,-90.4,26.75,69,90,6.61,MX,1670188532
438,arvin,35.2091,-118.8284,15.78,93,98,2.09,US,1670188532
439,sinnar,13.5691,33.5672,27.52,32,0,4.42,SD,1670188533
440,hatillo,18.4863,-66.8254,28.51,78,4,2.24,PR,1670188533
441,katherine,-14.4667,132.2667,25.18,73,26,0.0,AU,1670188535
442,gambela,8.25,34.5833,24.29,71,32,1.39,ET,1670188535
443,alibag,18.6411,72.8792,28.04,76,46,2.06,IN,1670188535
444,aljezur,37.3191,-8.8033,15.0,92,100,5.67,PT,1670188536
445,lucea,18.451,-78.1736,28.81,61,0,7.3,JM,1670188536
446,baciu,46.8,23.5167,3.46,87,0,1.54,RO,1670188536
447,isiro,2.7739,27.616,19.8,83,100,1.02,CD,1670188537
448,poum,-20.2333,164.0167,26.6,82,97,8.89,NC,1670188537
449,cikampek,-6.4197,107.4558,23.81,84,100,1.36,ID,1670188298
450,ust-omchug,61.15,149.6333,-40.04,96,85,0.51,RU,1670188538
451,australind,-33.2667,115.7167,15.93,71,100,5.73,AU,1670188539
452,falesti,47.5736,27.7092,-1.96,69,100,4.91,MD,1670188539
453,turbe,44.2436,17.5714,7.87,94,91,1.08,BA,1670188539
454,maryborough,-25.5333,152.7,21.35,74,38,3.34,AU,1670188540
455,ugoofaaru,5.6667,73.0,25.22,82,100,3.43,MV,1670188540
456,jiangyou,31.7667,104.7167,4.94,90,7,0.6,CN,1670188540
457,bulgan,48.8125,103.5347,-22.46,85,6,1.56,MN,1670188541
458,bafoulabe,13.8065,-10.8321,29.12,21,94,2.06,ML,1670188541
459,vila velha,-20.3297,-40.2925,21.97,96,40,3.09,BR,1670188541
460,kenai,60.5544,-151.2583,-3.81,95,100,4.63,US,1670188541
461,dunedin,-45.8742,170.5036,12.11,69,100,2.24,NZ,1670188542
462,khor,47.8861,134.9464,-19.6,86,24,6.13,RU,1670188542
463,utete,-7.986,38.758,22.6,95,10,1.04,TZ,1670188543
464,broken hill,-31.95,141.4333,19.95,46,98,6.72,AU,1670188278
465,umm lajj,25.0213,37.2685,24.28,66,100,3.24,SA,1670188543
466,mwinilunga,-11.7358,24.4293,17.04,88,100,3.36,ZM,1670188543
467,kifri,34.6959,44.9661,16.02,52,97,1.4,IQ,1670188544
468,korla,41.7597,86.1469,-6.77,38,44,1.03,CN,1670188544
469,hampton,37.0299,-76.3452,9.58,66,100,1.54,US,1670188396
470,inuvik,68.3499,-133.7218,-27.51,98,51,2.26,CA,1670188415
471,mayakonda,14.2833,76.0833,21.56,74,25,3.91,IN,1670188544
472,lakshmipur,22.95,90.8333,18.36,71,0,3.17,BD,1670188545
473,anloga,5.7947,0.8973,27.47,81,75,4.95,GH,1670188545
474,kropotkin,45.4375,40.5756,-3.97,74,57,9.61,RU,1670188543
475,santa rosa,14.3122,121.1114,26.17,89,100,3.38,PH,1670188282
476,lykhivka,48.6874,33.9228,-5.34,47,6,6.25,UA,1670188545
477,caravelas,-17.7125,-39.2481,23.3,78,100,4.08,BR,1670188298
478,xichang,27.8964,102.2634,3.01,82,7,1.25,CN,1670188546
479,waingapu,-9.6567,120.2641,25.05,76,74,2.01,ID,1670188546
480,lorengau,-2.0226,147.2712,26.57,85,100,3.28,PG,1670188546
481,mayo,38.8876,-76.5119,8.41,49,0,3.09,US,1670188547
482,bar harbor,44.3876,-68.2039,1.66,48,0,3.6,US,1670188547
483,marsabit,2.3284,37.9899,19.88,62,53,4.71,KE,1670188547
484,barcelona,41.3888,2.159,10.27,68,20,3.09,ES,1670188090
485,road town,18.4167,-64.6167,27.05,69,40,3.6,VG,1670188548
486,genhe,50.7833,121.5167,-34.13,100,84,1.27,CN,1670187964
487,luoyang,34.6836,112.4536,0.98,51,31,1.34,CN,1670188548
488,whitianga,-36.8333,175.7,18.69,61,14,3.8,NZ,1670188548
489,perpignan,42.75,2.75,6.57,75,40,3.6,FR,1670188549
490,champerico,14.3,-91.9167,30.3,70,0,3.07,GT,1670188549
491,alta,69.9689,23.2717,-4.41,74,0,5.66,NO,1670188549
492,brokopondo,4.75,-55.1667,24.94,86,100,0.89,SR,1670188550
493,riachao das neves,-11.7461,-44.91,21.93,92,81,1.37,BR,1670187970
494,byron bay,-28.65,153.6167,19.97,85,91,4.9,AU,1670188356
495,cabedelo,-6.9811,-34.8339,27.37,70,32,5.21,BR,1670188550
496,provideniya,64.3833,-173.3,0.86,98,100,7.34,RU,1670188550
497,bogo,11.0517,124.0055,24.75,93,100,2.84,PH,1670188551
498,ixtapa,20.7,-105.2,26.57,78,0,4.63,MX,1670188551
499,inta,66.0317,60.1659,-17.23,99,96,2.44,RU,1670188551
500,portland,45.5234,-122.6762,2.73,91,100,3.6,US,1670188333
501,elk grove,38.4088,-121.3716,15.62,67,75,5.14,US,1670188512
502,kieta,-6.2167,155.6333,26.63,85,100,1.55,PG,1670188552
503,little current,45.9793,-81.9248,-0.33,73,100,1.34,CA,1670188552
504,contamana,-7.3333,-75.0167,30.88,51,99,0.91,PE,1670188552
505,ystad,55.4297,13.8204,3.41,92,100,8.85,SE,1670188277
506,mamallapuram,12.6264,80.1722,28.03,74,26,5.07,IN,1670188520
507,hay river,60.8156,-115.7999,-14.01,56,75,6.69,CA,1670188553
508,griffith,41.5284,-87.4237,5.02,40,0,6.17,US,1670188553
509,saint-augustin,51.226,-58.6502,2.73,99,100,5.51,CA,1670188340
510,nioro,13.35,-15.75,25.73,42,100,2.12,GM,1670188554
511,sagua la grande,22.8067,-80.0756,26.55,57,10,6.06,CU,1670188260
512,cabo rojo,18.0866,-67.1457,28.45,70,1,1.79,PR,1670188554
513,oussouye,12.485,-16.5469,25.1,72,100,3.1,SN,1670188554
514,kenora,49.8167,-94.4337,-9.46,92,100,5.66,CA,1670188446
515,vitim,59.4511,112.5578,-15.16,93,100,7.9,RU,1670188555
516,decatur,39.8403,-88.9548,4.93,45,0,4.12,US,1670188317
517,muisne,0.6,-80.0333,24.69,74,93,4.94,EC,1670188555
518,geraldton,-28.7667,114.6,17.23,94,8,2.57,AU,1670188555
519,kloulklubed,7.0419,134.2556,26.28,76,100,7.53,PW,1670188556
520,anupgarh,29.1911,73.2086,16.59,26,0,1.6,IN,1670188556
521,paamiut,61.994,-49.6678,-4.16,69,54,8.57,GL,1670188556
522,cam ranh,11.9214,109.1591,24.98,94,75,2.06,VN,1670188557
523,mana,5.6592,-53.7767,24.58,88,99,0.72,GF,1670188475
524,waipawa,-41.4122,175.5153,15.32,76,36,2.59,NZ,1670188557
525,san quintin,30.4833,-115.95,18.91,68,100,5.71,MX,1670188557
526,nea kerasia,40.4757,22.8689,13.31,80,75,1.54,GR,1670188558
527,karasjok,69.4719,25.5112,-12.43,98,88,2.73,NO,1670188261
528,vavoua,7.3819,-6.4778,25.9,68,92,1.26,CI,1670188558
529,teya,60.3778,92.6267,-22.63,99,100,1.55,RU,1670188558
